id,tweet,airline_name,airline_sentiment
681455235,"@SouthwestAir Yes, total of 4 hours on hold. With all the Cancelled Flightlations, one would think there would be more staff. Decided to cx and drive",Southwest,negative
681455236,@SouthwestAir don't you think a 4hr wait time to speak to an actual agent is ridiculous?! My flight was Cancelled Flightled this morning! #Getyourlife,Southwest,negative
681455237,@SouthwestAir 2 wounded vets stuck. Hv trouble with agent help. On hold and no answer on Twitter. Pls respond,Southwest,negative
681455238,@SouthwestAir #3252 Manchester-BWI being delayed for one idiot who isn't on the plane?! We've waited 2 hours for our window and may miss it,Southwest,negative
681455240,@SouthwestAir I just wanna say you're incredible for sending people to see their idols. Sooooo kind and amazing__ê_ #DestinationDragons,Southwest,positive
681455241,@SouthwestAir 3 flights Cancelled Flightled today. Now we have been on hold for over an hour!,Southwest,negative
681455242,"@SouthwestAir really this is getting worse as the day goes on. Late Flight leaving then had to be diverted, and now sitting on the tarmac in VA.",Southwest,negative
681455243,"@SouthwestAir @CallMeStanley7 And bring back the ""Agent will call you back..."" feature. Why was that ever discontinued???",Southwest,negative
681455246,@SouthwestAir any particular reason it's 20+ minutes and counting to speak to a human being?,Southwest,negative
681455247,"@SouthwestAir standing in Las Vegas and our flight says on time, but reps are telling us that all flights to Denver are Cancelled Flightled. HELP",Southwest,negative
681455248,@SouthwestAir and @USAirways have Cancelled Flightled flights after 525 pm today due to winter storm. Travelers urged to contact carrier for info.,Southwest,neutral
681455249,@SouthwestAir is there any estimate on when the holding for you online will end? I'm at an hour and forty minutes now. I need to rebook!!!,Southwest,negative
681455251,"@SouthwestAir Sent your way, thanks for the help.",Southwest,positive
681455252,@SouthwestAir Any chance there's a few seats open from DEN to DAL this afternoon?,Southwest,neutral
681455253,@SouthwestAir the wait for the bags is longer than the actual flight.,Southwest,negative
681455255,@SouthwestAir   Where the heck are the bags for Chicago 408. It has been an hour,Southwest,negative
681455256,"@SouthwestAir departing MDW it's cold 26F, windy with snow on the ground for sunny and 70F las vegas  @LASairport http://t.co/2IR7ynMBdU",Southwest,neutral
681455257,@SouthwestAir can u follow so I can DM a confirmation number I need confirmed to Cancelled Flight?,Southwest,neutral
681455259,@SouthwestAir why are the ticketing lines in Las Vegas so unorganized??  Mass craziness. Half of the ticketing stations unmanned.,Southwest,negative
681455261,@SouthwestAir fl 4158 Cancelled Flightled from Dallas to Austin. No one answering 800#.  Need help.,Southwest,negative
681455262,@SouthwestAir been on hold for 30 min trying to rebook my flight you Cancelled Flightled. Help?!,Southwest,negative
681455263,@southwestair y'all just Cancelled Flightled the flight i rebooked after 1st was Cancelled Flightled. help? I need to be in nyc. schedule more flights tomorrow!,Southwest,negative
681455265,@SouthwestAir my wife is trying to get a group of clients to their destination and just got disconnected after2 hours holding. Help.,Southwest,negative
681455266,@SouthwestAir could u put one here in Baltimore? http://t.co/vLCI2KV1IP,Southwest,neutral
681455267,"@SouthwestAir very confusing to receive ""your trip is around the corner!"" email when I already Cancelled Flightled the flight",Southwest,negative
681455269,@SouthwestAir have five people shown up yet,Southwest,neutral
681455270,@SouthwestAir Left my computer on the plane. Two weeks Late Flightr they found it and sent it to me. #greatservice.  #happy #customer,Southwest,positive
681455272,@SouthwestAir  placed on hold for total of two hours today after flight was Cancelled Flightled. Online option not available. What to do?,Southwest,negative
681455273,@SouthwestAir no thanks,Southwest,neutral
681455274,@SouthwestAir I've been on hold for the last 2 hours - no progress #pleasehelp #stranded #whenitsnowsitpours #tgcyaLate Flightr,Southwest,negative
681455275,@SouthwestAir That's an awesome library.,Southwest,positive
681455276,"@SouthwestAir, answered right away for a new res, but can't rebook the people that were supposed to leave today? Worst customer service.",Southwest,negative
681455277,@SouthwestAir horrible flight!,Southwest,negative
681455279,@SouthwestAir @ LAX is almost a mess. For some reason the express bag drop is slower than the full service line. http://t.co/ORY89eEGek,Southwest,negative
681455280,@SouthwestAir Any way that I can get a receipt for a Cancelled Flightled portion of a roundtrip flight? Used the flight voucher just need receipt.,Southwest,neutral
681455281,@SouthwestAir Can I do the same thing as changing a ticket by Cancelled Flighting my current ticket &amp; buying a replacement online?,Southwest,neutral
681455282,@SouthwestAir How to I rebook on-line when it keeps telling me that it's a reserv number for a past date (this morning)? Holding for 2hrs.,Southwest,negative
681455283,"@SouthwestAir Been on hold over 90 minutes. You can fly, but not answer the phone?",Southwest,negative
681455284,@SouthwestAir thanks so much just had to make a Cancelled Flightlation! I've sent u the info.,Southwest,positive
681455285,@SouthwestAir thanks. What's your opinion on chances of getting in okay tomorrow?,Southwest,neutral
681455286,"@SouthwestAir I fly back to Omaha for my grandmothers funeral, you Cancelled Flight my return flight and dont bother to notify me. Thanks a lot.",Southwest,negative
681455287,@SouthwestAir you just Cancelled Flightled my flight home so you better get me a private jet or something. I need to get home now,Southwest,negative
681455288,@SouthwestAir Since when did it become ok for a passenger to save 3 rows of seats for people with a Late Flightr boarding position?how rude!,Southwest,negative
681455295,"@SouthwestAir He is going to file a formal complaint, this should have never happened. Please direct us to the right department.",Southwest,negative
681455299,@SouthwestAir hire more customer service agents. And hour and a half is too long to hold,Southwest,negative
681455300,@SouthwestAir DM sent. Thanks for the help!,Southwest,positive
681455301,"@SouthwestAir, been on hold for an over an hour now - when can we expect some customer service? #disappointed",Southwest,negative
681455302,"@SouthwestAir I'm upset because we were lied to. Was told ice on runway, but EVERY other carrier was able to fly. Airport confirmed no ice!",Southwest,negative
681455303,@SouthwestAir @bgr1061 luv SWA myself and my employees use you always!!,Southwest,positive
681455307,@SouthwestAir  the agents werenot helpful told me I would have to pay 2chng even though I Tld them going2 bwi whch is part of trvl advsry,Southwest,negative
681455308,@SouthwestAir can you follow and we'll proceed?,Southwest,neutral
681455309,"@SouthwestAir because according to the flight attendant my husband doesn't talk english, when the fact is that he understand and talks it",Southwest,negative
681455310,@SouthwestAir Bad enough that there is no seat assigned he's  seating at an exit seat and a male flight attendant removes him from there,Southwest,negative
681455313,@SouthwestAir thx - i managed to figure it out by trying diff confirmation #s as i booked. just annoying it's not readily available!,Southwest,negative
681455314,@SouthwestAir 2nd leg of trip Cancelled Flightled. Been on hold 1.5 hrs. Will we lose our $ if we don't speak to someone before first flight leaves?,Southwest,negative
681455315,@SouthwestAir I've been on hold almost an hour! I LUV y'all but #ImJustSaying http://t.co/t6fYyBHjhL,Southwest,negative
681455316,"@SouthwestAir I love you guys, but even Comcast has a better phone help system. A simple callback system would fix most of the problem...",Southwest,negative
681455317,@SouthwestAir is really gonna hear my mouth about this bag situation.,Southwest,negative
681455318,@SouthwestAir you guys need better communication to your customers. This is rude and unprofessional.,Southwest,negative
681455319,@SouthwestAir I wrote to your customer support on Monday re: a Cancelled Flighted flight but haven't heard back. Any idea what's up? Thanks.,Southwest,negative
681455320,@SouthwestAir any official word whether flight 3403 from BWI to Manchester is Cancelled Flightled? I've got an 8hr drive in snow if it is __Û¢,Southwest,neutral
681455321,.@SouthwestAir received an error online and have been on hold for over 1.5 hours. Completely unacceptable.,Southwest,negative
681455323,@SouthwestAir is the best. Case and point. https://t.co/ucVnilMb4x @ryand2285 #HappyBirthday,Southwest,positive
681455326,@SouthwestAir  when you take my money and do not provide a service makes for a profitable venture for your company. #IsItTheGaryKellyWay?,Southwest,negative
681455327,@SouthwestAir when does today's scavenger hunt start? I'm trying to help my little brother win! #DestinationDragons,Southwest,neutral
681455330,@SouthwestAir trying to get anyone on phone. Flt Cancelled Flighted. Please get me to Denver.,Southwest,negative
681455332,@SouthwestAir trying to rebook flight. On hold for 23 mins before disconnected and now almost 40 mins? Unbelievable. http://t.co/0BJNz4EIX5,Southwest,negative
681455333,@SouthwestAir You guys are just being disrespectful at this point... learned my lesson about this airline,Southwest,negative
681455335,@SouthwestAir Pls help. On hold 4 long time now. Travelling 4 business and flight 2 ORF from MCI was Cancelled Flightled.  Need to get out there ASAP.,Southwest,negative
681455336,@SouthwestAir greetings,Southwest,neutral
681455337,@SouthwestAir Thank u Thank u Thank u for coming through for us! I sincerely didn't think it would happen. &lt;3 #SWA #THANKYOU,Southwest,positive
681455338,"@SouthwestAir On hold over 2 hrs and got cutoff !Cancelled Flightled my flight, now can't get to booked cruise in Florida! Terrible customer service!",Southwest,negative
681455339,@SouthwestAir I've been on hold for over an hour and counting_Ü_just need a simple name change http://t.co/5Siczx1oez,Southwest,negative
681455340,@SouthwestAir LOST Kay Chapman Designs art-luggage for important show. Won't help locate it. Terrible customer service.,Southwest,negative
681455341,@SouthwestAir been on hold for over an hour to speak to a customer service rep. What the heck?? #Southwest #customerservice,Southwest,negative
681455342,"@SouthwestAir are any flights leaving DC today? Flight was Cancelled Flightled, been on hold for over an hour.",Southwest,negative
681455343,@SouthwestAir - you can do better than having someone on hold for over an hr http://t.co/FxNv618B1A,Southwest,negative
681455344,@SouthwestAir We have been waiting for almost 3 hours trying to rebook flights. PLEASE help us get through to someone.,Southwest,negative
681455345,"@SouthwestAir flight 3970, bna-rdu had the most excellent crew today",Southwest,positive
681455347,@SouthwestAir Never felt better taken care of! Indian aunties are the gold standard. Thanks Aruna! http://t.co/aypyaDUY6a,Southwest,positive
681455348,@SouthwestAir I'm stuck in Fort Lauderdale.,Southwest,negative
681455349,"@SouthwestAir 2 hours on hold trying to reschedule Cancelled Flightled flight. Hold music stopped, but no one's answering. How can I reach a rep?",Southwest,negative
681455350,@SouthwestAir I thought you guys were the best airline...I've been on hold for an hour!,Southwest,negative
681455351,@SouthwestAir @SouthwestOliver that's a great FA right there.,Southwest,positive
681455354,"@SouthwestAir can't speak with customer service for 2hours, still on hold! Do you guys work?#nogood",Southwest,negative
681455355,"@SouthwestAir Seriously, is the reason for all the Cancelled Flightled flights and long phone wait times that you guys are tremendously understaffed?",Southwest,negative
681455356,"@SouthwestAir VERY frustrated. Saw seats avail. online for pref alt. flight, unable to book online, lost those seats during &gt;2 hr phone hold",Southwest,negative
681455357,@southwestair @cspkcats let us know if we can help,Southwest,neutral
681455359,@SouthwestAir On hold waiting to make special accommodations for my mom who is traveling 1 hour and 24 minutes on hold.  Unacceptable!,Southwest,negative
681455360,@SouthwestAir  @TheEllenShow @Imaginedragons  @kdepetro313 .what a great first night. #DestinationDragons http://t.co/N3LrFo4UaY,Southwest,positive
681455362,@SouthwestAir this is ridiculous. It's been 2 hours on hold to rebook Cancelled Flightled flight.,Southwest,negative
681455363,@SouthwestAir - Hi Janet in customer service. I'm calling you back and have been sitting in que for 40 mins! Plz pick it up!!! #frustrated,Southwest,negative
681455364,"@SouthwestAir I thank you for the reply but too complicated to DM, really would like to talk to a cust rep. What is going on there?",Southwest,negative
681455365,@SouthwestAir Can't DM you because you don't follow me.,Southwest,negative
681455366,@SouthwestAir Yes. I figured an hour was a long enough time to hold before giving up. Can somebody call me?,Southwest,negative
681455367,@SouthwestAir - been on hold forever. My first flight was Cancelled Flightled but my 2nd flight is still on time - HELP!,Southwest,negative
681455368,@SouthwestAir hello #SouthwestAir I'm  happy to be flying with you this morning DAL-MDW #4053 looking forward to a comfortable fight,Southwest,positive
681455369,@SouthwestAir is anyone answering phones to rebook Cancelled Flightled flights?,Southwest,negative
681455370,@southwestair your attendants at the ATL airport are awesome! Very helpful with all the Cancelled Flightlations this morning.,Southwest,positive
681455371,"@SouthwestAir customer svc worse than the #WinterWeather !  Flight Cancelled Flighted, website malfunction, on hold for &gt;1:34. http://t.co/PgwUkrpMOx",Southwest,negative
681455372,@SouthwestAir flt 3867 crew  #OrangeCounty to #Denver is The #BEST! Weather delay but pilots just invited the kids to see the cockpit! #luv,Southwest,positive
681455373,@SouthwestAir I will never choose @USAirways over you again! #getmeoffthisbird,Southwest,negative
681455374,@SouthwestAir had an amazing experience with your staff at DIA last night. I was blown away by their hospitality with my wife on crutches,Southwest,positive
681455375,@SouthwestAir been on hold now for 1 hour 20 minutes with cust service. Can you help?,Southwest,negative
681455376,@SouthwestAir too long to wait for bags when they could have been on the next flight out. The party of 4 could have waited in Albany,Southwest,negative
681455377,"@SouthwestAir where are our pilots? Plane is here flight says it's still on time, but we should of been off the ground 15 minutes ago.",Southwest,negative
681455378,@SouthwestAir Had a great trip this past week to Vegas for work; and had this pic over the Southwest on Southwest! http://t.co/a3YCFlaLxV,Southwest,positive
681455380,@SouthwestAir answered. My options are a refund or a resched for Monday (I'd miss work). So I'm paying hundreds for a @USAirways flight tmw.,Southwest,negative
681455381,@SouthwestAir on hold for over an hour twice?  Terrible.,Southwest,negative
681455382,@SouthwestAir my flight is Cancelled Flightled due to weather. What next ?,Southwest,negative
681455383,@SouthwestAir crazy hold times today. Over an hour now. Help?,Southwest,negative
681455384,@SouthwestAir  been on hold  for 2 1/2 hrs. Can't get 2 airport 4 flight icy country backroads! Help pls? @SouthwestAir  #BNA,Southwest,negative
681455388,@SouthwestAir been on hold  for 2 1/2 hrs. Can't get 2 airport 4 flight icy country backroads! Help pls? Can a human answer? #BNA,Southwest,negative
681455389,@SouthwestAir Been on hold for over an hour - any chance someone can help me on here?,Southwest,negative
681455390,@SouthwestAir so u Cancelled Flight our flight to PHX bc of SDF weather but flights 2 the NE from SDF are still going on?! WTF? http://t.co/NGG3N0wIaR,Southwest,negative
681455391,@SouthwestAir Show Jacksonville some __êùtoo!  We want #3ticketsforJax!,Southwest,neutral
681455392,@SouthwestAir Cancelled Flightled my flight without explanation and won't pick up the phone...25 minutes and counting.   #customerservice @olive201,Southwest,negative
681455394,@SouthwestAir so glad u guys do business w/ more class than UR competitors @SpiritAirlines __Ûè,Southwest,positive
681455395,"@SouthwestAir Thanks 4 the great service, staff, letting me change my flight 5 times for free! PVD to the skies for me always on SWA!",Southwest,positive
681455396,"@SouthwestAir my wife has now been on hold for 90 minutes....I get weather is bad, but this is insane. #customerservice #customerloyalty",Southwest,negative
681455397,@SouthwestAir I've been on hold for 2 hours!  When will you answer??,Southwest,negative
681455398,@SouthwestAir - i needed refund on my Cancelled Flightled flights this morning and had been on hold for more than an hour X 3. what to do?,Southwest,negative
681455399,@SouthwestAir thanks for the Cancelled Flightation today. Only airline that's Cancelled Flighted. Lost a customer today.,Southwest,negative
681455400,"@southwestair Cancelled Flightling flights due to winter weather is totally understandable, but it would sure be nice if you would answer your phones.",Southwest,negative
681455402,"@SouthwestAir, I've been on hold for 3 hrs. now, waiting to talk to someone with a pulse to get my Cancelled Flighted flight rescheduled. Is this SOP?",Southwest,negative
681455403,@SouthwestAir been on hold to rebook a flight to CMH for 1.5 hrs. Your rebook website is crashed.,Southwest,negative
681455404,@SouthwestAir been on hold so long to rebook my Cancelled Flightled flight I had enough time to rebook with @USAirways instead! Lots of room there!,Southwest,negative
681455405,@SouthwestAir Are we sure flights will not be Cancelled Flighted after 1200 I am trying to make plans in STL,Southwest,neutral
681455406,@SouthwestAir great flight! And great view! http://t.co/auFM4xdaj2,Southwest,positive
681455407,@SouthwestAir Have been on hold to reschedule a flight for 1.5 hours! Please help! Phone will be out of batteries soon.,Southwest,negative
681455408,@SouthwestAir 40 minutes still haven't talked to one person #shocking phone is gonna died before I talk to anyone http://t.co/iWoiGRLHXb,Southwest,negative
681455409,@SouthwestAir Flight 4315 (N231WN) taxis at @FlyTPA prior to flight to @Fly_Nashville http://t.co/IDRa8keNoH,Southwest,neutral
681455410,@SouthwestAir  at fort launder dale and the gate agent can't switch flights to an earlier flight but we can on our phone...ridiculous,Southwest,negative
681455411,@SouthwestAir so why is every single flight out of @PortColumbusCMH Cancelled Flightled for only your airline?,Southwest,negative
681455412,@SouthwestAir Cancelled Flightled my flight won't refund me and told me 2 call customer service n been holding for 30 minutes still waitin #BadService,Southwest,negative
681455413,@SouthwestAir I'm going to need you to answer your phones. Being on hold for an hour isn't okay.,Southwest,negative
681455414,@SouthwestAir almost an hour on hold for swa is inexcusable #hiremorepeople,Southwest,negative
681455415,@SouthwestAir is my favorite airline!  I can't wait to book my flight to New Orleans for my trip in April!! :) :),Southwest,positive
681455417,"@SouthwestAir Thanks for not telling us our flight was Cancelled Flightled, not helping us in anyway and ruining my birthday. #worstcustomerservice",Southwest,negative
681455418,"@SouthwestAir how is tkt in the A grp for a cxld flight gets stuck at the back of the Cs when your site, phone and agents took 1h to rebook",Southwest,negative
681455419,@SouthwestAir loving the boarding to go to Chicago #KeepItMovin',Southwest,positive
681455421,@SouthwestAir jumped the gun a little Cancelled Flighting our flights? No other airline is Cancelled Flighting out of Louisville. You're ruining my vacation.,Southwest,negative
681455423,@SouthwestAir On hold for two hours and it timed-out on me. Great system you got there.,Southwest,negative
681455425,@SouthwestAir Any plans to implement a call-back system on your reFlight Booking Problems line? Been on hold for over an hour now...,Southwest,negative
681455427,@SouthwestAir @Imaginedragons #DestinationDragons Scavenger Hunt rules: http://t.co/vHgkiTzSaw,Southwest,neutral
681455429,@SouthwestAir I need your help but no one will pick up the phone.,Southwest,negative
681455430,@SouthwestAir Anyone answering phone this morning at 800IFLYSWA? On hold 51 minutes and counting...,Southwest,negative
681455434,@SouthwestAir had a great LA flight with Clarence and Frank! Those 2 guys are a hoot! thanks,Southwest,positive
681455435,"@SouthwestAir why did I not receive drink coupons with 65,000 points? But all my friends did?",Southwest,negative
681455437,@SouthwestAir I have a flight on Sunday the 22nd to Columbus from Denver. I just got a travel alert on my southwest app. Is the rescheduling,Southwest,neutral
681455438,@SouthwestAir Do you have childrens rates for flights?,Southwest,neutral
681455439,@SouthwestAir how often are airplane seats/tray tables cleaned and sanitized? rather have air purifier and clean seats than #wifi __Û___Û±,Southwest,negative
681455440,@SouthwestAir I lost my luggage. My birthday wish is to find my luggage.,Southwest,negative
681455441,"@SouthwestAir  If you'd love to see more girls get inspired about becoming pilots, RT our free Albuquerque event. http://t.co/rfXlV1kGDh",Southwest,neutral
681455442,@SouthwestAir at troubadour with @Imaginedragons .#DestinationDragons http://t.co/rKlQXXaWhc,Southwest,neutral
681455443,"@SouthwestAir Hey there, can you follow us so we can DM you a question :) __ÛÅ",Southwest,neutral
681455445,@SouthwestAir Been sitting outside our gate for 30 mins at LGA. Why no move to another gate? We'e baking on this plane!?! flight #3415,Southwest,negative
681455446,@southwestair Grand total from landing to getting bag: one hour. That's very sad.,Southwest,negative
681455447,@southwestair Your staff was really kind about the flight delay. Luggage? Not at all. Very disappointing.,Southwest,negative
681455448,@SouthwestAir Hey southwest! I wanna go to see @Imaginedragons ! You guys are a lot better then jet blue.,Southwest,positive
681455449,"@southwestair Landed an hour Late Flight from IND to DEN, and 40+ min Late Flightr, our bags are not here. Not cool.",Southwest,negative
681455450,@SouthwestAir Hey southwest can you send me to Atlanta to see @Imaginedragons ? I will fly southwest forever. U guys are the best airline!,Southwest,positive
681455451,@SouthwestAir Horrible experience ever with airline..Have to reconsider any future flights. Customer service ... http://t.co/EczHcmM5vi,Southwest,negative
681455452,@SouthwestAir Salted or honey roasted? I vote to bring back the salted peanuts. I dread a year of the honey roasted!__Û_ http://t.co/RHw78ktQFO,Southwest,neutral
681455455,@SouthwestAir Do you still offer discounts on seats for children under 2? We would rather put him in a seat than in a lap!,Southwest,neutral
681455456,"@SouthwestAir wanting for the finding the gate. No apology or exp. All good, I'm sure connecting flight leaving SAC will be chill!",Southwest,negative
681455457,"@SouthwestAir sucks. Passengers leaving the plane to make room luggage, checking luggage and getting back on. Delayed flights to same city.",Southwest,negative
681455460,@SouthwestAir flight to San Diego is delayed per usual.. take me home!,Southwest,negative
681455461,@SouthwestAir how do I find travel funds I have available to use f/ past changed flights? don't see an option in my account.,Southwest,neutral
681455462,@SouthwestAir @FortuneMagazine,Southwest,positive
681455463,@SouthwestAir is making dreams come true with their #DestinationDragons scavenger hunt! You can win a chance to see Imagine Dragons! Go!,Southwest,positive
681455465,@SouthwestAir every other city on your nationwide sale has fabulous fares. Why nothing from Buffalo? except for 2 cities?,Southwest,negative
681455467,@SouthwestAir Well plane arrived pretty much on time and it's 68 degrees on the ground in Texas. Not much to complain about.,Southwest,positive
681455468,"@SouthwestAir not sure why we are still here in Dallas.  Plane has been at gate for 30 min.  No update at all.  Flight 1140, poor service.",Southwest,negative
681455469,"@SouthwestAir Loved one's flight ATL to IND Cancelled Flightled due to ""ice in Indy"". Sitting here in Indy, it is bone dry. Tomorrow 4-6"" of snow.",Southwest,negative
681455470,@SouthwestAir All's well. I got comped with multiple other bags which just made my day! http://t.co/1AAVvoREpH,Southwest,positive
681455471,@SouthwestAir thanks for the ride to Chicago. #kmdw #b738 http://t.co/6cpYPGFnD6,Southwest,positive
681455473,@SouthwestAir I'm in line at the airport right now. Will you cover hotel fair or am I to sleep in the airport?,Southwest,negative
681455474,"@SouthwestAir @JasonWhitely flt 947 Emer stop in Albuquer for a heart condition, crew was awesome, pilot was Maverick on the divert.",Southwest,positive
681455475,"@SouthwestAir Thanks so much. Appreciate your kindness in adjusting our reservation. Even during snowstorms, I still prefer Southwest. __‚ç",Southwest,positive
681455476,@SouthwestAir Cancelled Flightled my flight and I'm stranded in St. Louis. Not sure what to do. No other flight until tomorrow. Am I to sleep in airpt,Southwest,negative
681455478,"@SouthwestAir - stuck on the runway, again. Delayed on Wednesday. Not a good way to take care of your loyal customers.",Southwest,negative
681455479,@SouthwestAir you guys held our flight #330!  Thank you!!!  About to take off from MDW now to Oakland.  Thanks,Southwest,positive
681455480,@SouthwestAir first time flying with you. You've definitely won me over!,Southwest,positive
681455481,@SouthwestAir we're doing our best; sitting at a gate waiting (while not being given information why we're delayed) isn't making this easy,Southwest,negative
681455482,@SouthwestAir rocks! Open letter to flight attendant. http://t.co/zFrOINPSzI  &lt; my child was inspired.  Thank you.,Southwest,positive
681455484,@SouthwestAir thanks for an awesome flight and connection! We were delayed but your staff and crew were purely amazing!,Southwest,positive
681455485,@SouthwestAir great flight got us back on time!  Thanks,Southwest,positive
681455487,@SouthwestAir @SwagglikeBean take me here,Southwest,neutral
681455489,"@SouthwestAir thx for smooth landing today @fly2midway, we applauded! Now what can u do abt the weather? #takemeback http://t.co/OQZ7Wc4lLA",Southwest,positive
681455490,"@SouthwestAir not frustrated, just an idea! Great crew. Thanks! #happycustomer",Southwest,positive
681455492,@SouthwestAir my parents flight frm STL2ATL Cancelled Flighted 2nite. When's the next one out?!,Southwest,negative
681455493,@SouthwestAir well my mom called earlier and you guys had her on hold for close to an hour,Southwest,negative
681455494,@SouthwestAir there's an hour wait here for reFlight Booking Problems in line at Omaha.,Southwest,negative
681455497,@SouthwestAir alist pref doesn't do any good if direct to atl is always wifiless. Flight 1701.,Southwest,negative
681455498,@SouthwestAir is that the same reliable system couldn't find my info and then said it refund my credit card ?,Southwest,negative
681455499,"@SouthwestAir 14 hours????  Sorry don't get it. Oh well. Screw the weekend in Az right?  Eat the hotel, no problem.",Southwest,negative
681455500,"@SouthwestAir we had early bird, and it was great. Your employees were awesome. It was 3 passengers who killed the buzz.",Southwest,positive
681455501,@SouthwestAir I am absolutely sick of 300s and no wifi!,Southwest,negative
681455503,@SouthwestAir Ahah That is why,Southwest,positive
681455504,@SouthwestAir is the contest over for Destination Dragons? I want to try to do everything I can to go.,Southwest,neutral
681455505,@SouthwestAir you are lucky to have people like Annamarie and Norris at BWI. I hope they get recognized for excellent cust. service,Southwest,positive
681455507,@SouthwestAir  traveling 2bwi nMaryland 2morrw any chance the flight being Cancelled Flightled to inclement weather? Any chance can get earlier flight,Southwest,neutral
681455512,@SouthwestAir @SacIntlAirport Feels like a good day to fly!!  Thanks for the ontime departure to SNA!!:) #bestinclass #30000ft #takemehome,Southwest,positive
681455513,@SouthwestAir Great trip on 2672 yesterday - outstanding flight attendants,Southwest,positive
681455515,"@SouthwestAir $192 rndtrp 4/30-5/5 ""@DJQ_KC: RT @djimpact: If you're trying to make travel reservations for Vegas on May 2nd it's too Late Flight""",Southwest,neutral
681455516,@SouthwestAir I'm on the 10:55 flight! Everyone has been so nice and helpful! I'm just hoping we'll get to fly out! Thank you! ;),Southwest,positive
681455517,@SouthwestAir @dultch97 that's horse radish,Southwest,negative
681455518,@SouthwestAir thanks! More concerned about the conflicting texts I was receiving my about my flight  Having to drive 10 hours now __Û¢,Southwest,negative
681455519,@SouthwestAir Thank you!,Southwest,positive
681455521,@SouthwestAir    How's life @ the NOC?,Southwest,neutral
681455522,@SouthwestAir I will tell marry a lamp if you give me tickets to the Vegas show please I am desperate,Southwest,neutral
681455523,@SouthwestAir Are there any current promotions/codes for Nashville-Denver? Thank you!,Southwest,neutral
681455524,@SouthwestAir #promotion fly 3 roundtrip #flights to and from #ATL between 2/15 and 5/17 and get a companion pass for the year #travel,Southwest,neutral
681455525,@SouthwestAir so happy that you can finally put your #southwestairlines boarding pass into passbook! Makes life so much easier ___‰Èè,Southwest,positive
681455527,@SouthwestAir here we go again. Delayed in Chicago why offer the 630 flight if you never intend to fly it,Southwest,negative
681455528,@SouthwestAir OMG OMG OMG !!! I JUST DID!!,Southwest,neutral
681455529,@SouthwestAir @JulGood1 she was traveling with me the one that got miscommunicated with,Southwest,negative
681455530,"@SouthwestAir WTF, my flight was delayed and then I go to board and my boarding pass has disappeared from the Southwest app!",Southwest,negative
681455531,@SouthwestAir tweet just popped up on my phone with @amin_aur follows. Missing my favorite Southwest pilot and brother.,Southwest,neutral
681455533,@SouthwestAir I would be eternally grateful for tickets to the Vegas show. God bless,Southwest,neutral
681455534,@SouthwestAir baggage woman said it was in Blatimore and would be on a plane this morning. Now they can't find it. WTF!???,Southwest,negative
681455535,@SouthwestAir http://t.co/tTXRSyNLxr doesn't work on my flight. Just fyi.,Southwest,negative
681455536,@SouthwestAir PLEASE HELP! I would die to see the Vegas show! It would be amazing to hear their songs for real!,Southwest,neutral
681455544,@SouthwestAir not sure I can trust a statement with that many small numbers above words. http://t.co/o3sRL1hfho,Southwest,negative
681455545,@southwestair has posted flight schedule covering the date range of @_defcon_ 23,Southwest,neutral
681455546,@SouthwestAir Late Flightly you've always been Late Flight! Please get back to the old #SWA!!,Southwest,negative
681455547,"@SouthwestAir Totally sucks that my flights were weathered out of existence, but Stacy in Tucson helped with an overnight in Vegas!",Southwest,negative
681455548,@SouthwestAir are you guys alive? i've been on hold for 25 minutes and counting.....,Southwest,negative
681455549,@SouthwestAir Gary Kelly should be ashamed of himself running a corporation in this way,Southwest,negative
681455550,@SouthwestAir you guys just rip me off if I could Cancelled Flight every flight I had booked for my employees I  would Buyer beware,Southwest,negative
681455552,@SouthwestAir please acknowledge Attendant Jeff Wernicke. Beat in class and service on SW,Southwest,positive
681455553,@SouthwestAir LACMA on Fairfax.,Southwest,neutral
681455554,@SouthwestAir just want the money I paid for early bird refunded. Noone seemed to be able at three different. SW should have that worked out,Southwest,negative
681455555,@SouthwestAir I filled in the form on the website too. Darn it all. I guess I'll just have to cross my fingers.,Southwest,negative
681455556,@SouthwestAir THANK YOU SO MUCH FOR ACCESS TO #DestinationDragons TONIGHT AT @theTroubadour @Imaginedragons Crying /dying rn #ripme,Southwest,positive
681455559,@SouthwestAir heyo! What is causing flight 1836 ewr to hou to be delayed?,Southwest,negative
681455560,@SouthwestAir when will you have flight from DAL to PVD?,Southwest,neutral
681455561,"@SouthwestAir Your wifi stinks. I'm not mad, but i wouldn't hate it if i got my money refunded.",Southwest,negative
681455563,@SouthwestAir any spare tickets for Vegas? Would be forever grateful! #DestinationDragons,Southwest,neutral
681455565,@SouthwestAir THANK YOU SO MUCH!! http://t.co/tGSB1DfPS3,Southwest,positive
681455566,@SouthwestAir any chance they will change this to include Northeast airports?  JetBlue has.,Southwest,neutral
681455567,@SouthwestAir I was on hold for 30 minutes &amp; no one knows how to win these tickets that you're still handing out? #DestinationDragons,Southwest,negative
681455568,@SouthwestAir  after 38 minutes on the phone I'm given another number to call now still on hold with them. http://t.co/1ZT2kEe8up,Southwest,negative
681455569,@SouthwestAir please....can I have the last tickets for me and my best friend to #DestinationDragons http://t.co/eQqi1nfSZh,Southwest,neutral
681455572,@SouthwestAir no one I call knows anything about it so I'm just wondering how to get any? #DestinationDragons,Southwest,negative
681455573,"@SouthwestAir I saw ppl were winning tickets still, how do we win some?",Southwest,neutral
681455576,@SouthwestAir please please please http://t.co/xiJiFYmvqP,Southwest,neutral
681455577,"@SouthwestAir Yes, but I like need my luggage before tomorrow morning",Southwest,negative
681455579,"@SouthwestAir doesn't care nor does SNA agent Jacquie Plitt, rude gal bad attitude! had 2 fly @USAirways 2 CABO thx http://t.co/VbUxfPCKfa",Southwest,negative
681455580,"@SouthwestAir   Happily, flight 1625 was not delayed when a cockpit visit blew my four-yr-old's mind. Thanks, Cap'n! http://t.co/C8mqEzXVdH",Southwest,positive
681455582,@SouthwestAir 8 mins!!! http://t.co/bbZiJWFDL3,Southwest,neutral
681455583,@SouthwestAir  is there a route to flight from Mexico City to Chicago midway using your services?,Southwest,neutral
681455584,@SouthwestAir Flight 3056. Only an hour long but one of the best flights I've ever had. Kudos to flight crew and airline in general.,Southwest,positive
681455585,@SouthwestAir how many are left?!,Southwest,neutral
681455586,@southwestAir SWA agent Jacquie Plitt @Orangecounty SNA rudely tells me You're not going 2 CABO today or manana back 2 PHX flew @USAirways,Southwest,negative
681455587,"@SouthwestAir, thanks for being so good to us #military folk. It's cold in #StLouis but I sure enjoyed my flight. http://t.co/RcdH183Q1J",Southwest,positive
681455588,@SouthwestAir thanks for losing my luggage,Southwest,negative
681455590,@SouthwestAir I'm on the 110 lol has anyone arrived yet??,Southwest,neutral
681455593,@SouthwestAir well I HAD a car &amp; free place 2 stay had I known Unacceptable treatment from Spvsr. Sally in Cleveland. #Disappointed,Southwest,negative
681455594,@SouthwestAir I cannot DM you as you do not follow me.,Southwest,neutral
681455595,@SouthwestAir and this asshole cut in front of me. Your system blows. http://t.co/7ujt8VTCpa,Southwest,negative
681455596,@SouthwestAir it's pretty stupid and I probably won't fly it again. Plus hearing nightmare stories of overbooked flights.,Southwest,negative
681455597,@SouthwestAir I'm 30 mins out WAIT FOR ME,Southwest,neutral
681455600,@SouthwestAir  over 15 minutes without talking to a human at what point would you recommend I call @AmericanAir http://t.co/ysqbVq6Mgb,Southwest,negative
681455603,@SouthwestAir so u guys Cancelled Flight #bna flights &amp; don't bother 2 alert passengers? What gives?,Southwest,negative
681455604,@SouthwestAir thank you so so much for sending me to LA for #DestinationDragons! Tonight is gonna rock__Û_,Southwest,positive
681455605,@SouthwestAir oh I see what you did there! Thanks for supporting #PadresST.,Southwest,positive
681455607,@SouthwestAir beautiful day in Seattle! http://t.co/iqu0PPVq2S,Southwest,positive
681455608,@SouthwestAir This has to be the best video I have seen ever! - #teamspirit https://t.co/X5JenA7NyE,Southwest,positive
681455609,@SouthwestAir @SAMoore10 Thank you for your kind response.  The acknowledgement and apology go a long way! #southwestrocks,Southwest,positive
681455611,"@SouthwestAir Was going for the weekend for friend's birthday, so no point in reFlight Booking Problems.",Southwest,negative
681455612,@SouthwestAir one of my bags didn't make it to my destination. I have the claim ticket. Any way to help out with a status on the location?,Southwest,negative
681455616,@SouthwestAir yes but not with out an attitude and nasty comment,Southwest,negative
681455617,"@SouthwestAir you guys rock! So easy, quick, and affordable to change my flight. #bestairlineever #neverchange",Southwest,positive
681455618,"@SouthwestAir I have a credit that expires a month before my flight, is there any possible way I can have that extended?",Southwest,neutral
681455619,"@SouthwestAir 4 hour delay in ATL due to ""air traffic control""....love missing an entire day of my vacation #unhappycustomer #mytimeismoney",Southwest,negative
681455620,@SouthwestAir I have a question re: your ATL companion pass offer. I know I need 3 revenue flight roundtrips. What's a revenue flight? thnx,Southwest,neutral
681455621,"@SouthwestAir#4569 Cancelled Flightled, had to get refund. Cancelled Flightlations happen. But the 25+ min phone wait &amp; painful music unacceptable. Come on...",Southwest,negative
681455624,"@SouthwestAir hello I was talking with @SouthwestVerity but it says you moved here, they sent me a voucher but does not work can u help?",Southwest,neutral
681455625,@SouthwestAir  I am following you now.,Southwest,neutral
681455626,@SouthwestAir  I can go.  I want to badly!!!!   I don't know how to DM.  Can I e-mail you?   Help!!!  wmn4life@hotmail.com,Southwest,neutral
681455628,"Thank you for your help, Shannon! Great customer service, @SouthwestAir.",Southwest,positive
681455630,@SouthwestAir again another ride SW employee that printed out boarding passes. Deficiency in training obviously,Southwest,negative
681455631,@SouthwestAir Thanks Lindsey &amp; the Southwest twitter team for great service &amp; a speedy resolution #LuvAgent #swa,Southwest,positive
681455632,@SouthwestAir Apparently mechanics had to be flown in to fix some planes...not the most assuring sign,Southwest,negative
681455633,@SouthwestAir  Please Help. We really want to fly with you. #guessweflyingdelta,Southwest,positive
681455637,@SouthwestAir did you Cancelled Flight ALL flights into BNA today??? #needtogethome,Southwest,negative
681455639,@SouthwestAir flights from sunny SFO delayed for hours and others Cancelled Flightled left and right with little updates. Any help @SouthwestAir?,Southwest,negative
681455640,"@SouthwestAir Please explain to reps, ignoring a technical issue and passing the buck is not a good business model. Lucky limited to 140",Southwest,negative
681455641,"@SouthwestAir understood. Just frustrating, you buy early bird check on the day they go on sale at 6:30am and get mid 'b'. Feel ripped off.",Southwest,negative
681455647,.@SouthwestAir I will if you can see about moving up my Brother in laws graduation to the 6th.  Thanks.,Southwest,neutral
681455648,@SouthwestAir will do. Thank you.,Southwest,neutral
681455649,@SouthwestAir If there are any Imagine Dragons tickets left for tomorrow at,Southwest,neutral
681455653,@SouthwestAir Flying now from JAX to DEN and I paid $8 for wifi that barely is functional.  Couldn't do work if I wanted to.  Never again.,Southwest,negative
681455654,@SouthwestAir Flight to Nashville was Cancelled Flightled. How do we another flight? I've been trying to call &amp; cannot get a human,Southwest,negative
681455655,@SouthwestAir delay is understandable but look at the time of the the flight and boarding time. Weird!,Southwest,negative
681455656,@SouthwestAir  I will dm you now,Southwest,neutral
681455658,@SouthwestAir very frustrated. Bought early bird at 6:30am on day tickets were released and got mid-B ticket. Spend $50 for nothing,Southwest,negative
681455660,@SouthwestAir Maybe it is just a machine...,Southwest,neutral
681455661,"@SouthwestAir so, when your plane doesn't work the luxuries I paid for go away but you keep my money? I need that biz model.",Southwest,negative
681455662,@SouthwestAir you will extend if I call the day it expires.why can't it just be extended now?#mightmismybrosgraduation,Southwest,negative
681455664,@SouthwestAir that's awesome! Love flying SWA!,Southwest,positive
681455666,@SouthwestAir thanks for the info and the quick response!,Southwest,positive
681455667,@SouthwestAir shhhh i don't want something else to steal our deal,Southwest,positive
